StudentID,StudyHoursPerDay,AttendancePercentage,SleepHours,SocialMediaHours,PreviousExamScore,ParticipationInActivities,InternetUsageHours,FinalExamScore
STU1000,4.55,55.16,6.46,4.45,65.38,0,5.33,76.17
STU1001,2.13,67.71,8.18,6.63,73.14,0,2.27,75.62
STU1002,5.35,81.3,7.34,0.92,64.78,1,8.58,92.98
STU1003,5.69,73.46,6.16,5.19,79.61,0,4.72,92.15
STU1004,0.49,65.24,5.96,3.11,58.07,0,4.84,62.64
STU1005,,64.89,5.02,4.21,45.07,0,4.31,64.39
STU1006,4.23,64.31,7.35,0.53,94.65,0,4.02,100.0
STU1007,3.43,61.81,6.57,5.2,55.93,1,8.09,72.81
STU1008,3.97,100.0,4.15,4.18,56.47,1,7.77,88.85
STU1009,2.46,79.46,6.36,2.94,64.01,1,5.89,72.78
STU1010,5.58,88.3,5.92,3.97,66.01,1,4.78,93.31
STU1011,5.4,67.66,8.89,1.85,59.2,1,6.24,95.9
STU1012,4.12,72.21,4.96,2.13,64.74,1,5.15,96.77
STU1013,6.03,64.3,5.27,2.3,64.4,1,4.62,83.87
STU1014,4.84,35.22,8.33,0.22,67.62,0,5.68,86.05
STU1015,2.45,54.33,8.63,4.29,29.64,0,4.12,73.75
STU1016,4.66,47.84,6.11,4.79,93.21,0,5.5,78.31
STU1017,2.27,41.25,6.24,1.95,62.79,1,5.41,72.25
STU1018,5.58,57.07,7.74,3.52,73.71,0,6.21,90.18
STU1019,3.91,94.87,4.21,2.6,44.33,0,3.76,83.91
STU1020,3.67,74.33,4.77,3.49,57.93,0,6.42,84.59
STU1021,2.77,94.36,6.66,2.06,54.92,0,3.19,87.89
STU1022,6.2,81.16,8.86,1.67,87.05,1,3.85,100.0
STU1023,3.72,86.74,6.48,4.58,56.21,1,3.94,83.79
STU1024,3.23,61.49,7.12,2.9,76.37,0,2.86,79.62
STU1025,3.37,82.86,8.36,6.03,55.24,0,7.03,75.73
STU1026,,85.93,9.53,3.07,58.21,1,3.06,93.52
STU1027,4.66,66.35,6.31,1.61,61.32,1,3.6,93.92
STU1028,4.74,83.39,6.98,4.84,84.26,1,7.51,90.66
STU1029,4.78,83.49,9.19,3.95,36.65,1,3.86,86.93
STU1030,7.85,66.76,5.17,4.09,45.27,0,4.62,93.01
STU1031,3.27,58.16,8.23,4.79,35.79,0,2.98,65.82
STU1032,3.08,57.24,5.78,2.02,48.69,1,6.67,79.59
STU1033,2.54,76.3,7.12,2.81,52.83,1,6.69,77.16
STU1034,5.11,79.91,6.71,2.74,40.78,1,6.48,94.1
STU1035,6.03,63.11,5.85,,53.99,1,6.08,91.31
STU1036,3.79,75.4,5.82,2.6,34.78,1,5.15,83.5
STU1037,2.49,83.56,7.33,5.0,49.73,0,3.95,76.0
STU1038,2.52,84.27,8.19,3.36,83.01,0,3.37,91.5
STU1039,5.17,98.28,6.84,0.98,71.05,1,7.58,100.0
STU1040,5.34,94.15,7.08,0.67,67.81,0,6.53,91.63
STU1041,4.98,59.98,7.69,5.5,49.96,0,3.61,84.58
STU1042,2.8,100.0,5.83,2.86,41.96,1,5.08,83.02
STU1043,4.42,67.04,7.89,2.03,47.91,0,4.4,89.06
STU1044,,90.67,7.98,2.59,64.35,0,2.74,97.56
STU1045,4.39,76.02,10.0,0.78,78.02,0,5.36,94.9
STU1046,5.57,68.82,6.55,5.13,78.54,1,4.17,88.01
STU1047,4.4,47.88,6.45,2.41,74.46,1,3.09,91.0
STU1048,5.22,72.43,7.92,5.05,53.94,1,2.04,89.04
STU1049,4.12,51.61,7.98,3.08,65.37,1,1.87,92.1
STU1050,4.52,89.51,6.36,5.14,60.18,1,4.26,88.05
STU1051,5.14,97.75,6.52,3.39,61.98,0,4.83,98.9
STU1052,1.38,63.05,7.65,4.28,95.56,1,3.25,83.5
STU1053,3.42,79.53,6.01,4.08,38.57,1,6.3,78.5
STU1054,3.15,64.12,6.51,3.93,61.48,0,4.87,73.93
STU1055,2.85,65.57,7.11,3.52,83.18,1,6.15,85.02
STU1056,3.5,86.62,8.2,2.65,43.01,1,4.63,93.59
STU1057,6.69,74.42,6.27,5.87,55.34,0,3.43,88.54
STU1058,2.44,100.0,4.79,1.64,57.06,1,5.23,88.69
STU1059,5.74,67.77,4.7,3.01,61.65,1,2.47,92.41
STU1060,0.97,89.99,5.49,3.02,41.06,0,6.08,68.56
STU1061,3.4,76.46,5.42,3.6,73.93,1,3.13,95.19
STU1062,4.29,86.94,6.81,2.36,74.99,1,6.84,100.0
STU1063,5.06,68.29,5.57,3.47,72.63,1,4.32,91.14
STU1064,5.28,74.26,6.16,2.75,51.94,0,7.13,86.28
STU1065,5.43,73.27,6.07,0.63,66.3,1,2.75,96.34
STU1066,3.37,62.46,6.47,,51.51,0,3.64,76.01
STU1067,3.17,84.93,8.59,1.35,60.01,1,5.76,93.36
STU1068,5.54,84.75,7.79,0.4,97.3,0,7.34,100.0
STU1069,3.66,83.9,7.02,3.21,66.44,1,8.33,90.64
STU1070,1.7,98.05,6.45,3.73,47.19,1,5.08,73.14
STU1071,1.96,96.74,6.48,3.79,67.71,1,8.68,85.9
STU1072,2.34,69.38,7.39,3.85,44.72,0,4.42,71.44
STU1073,4.89,80.6,7.7,0.1,47.01,1,7.2,90.21
STU1074,4.26,65.65,5.91,0.96,49.38,1,3.12,94.79
STU1075,,75.35,7.04,5.96,58.34,1,5.84,93.48
STU1076,3.23,66.0,4.56,1.43,79.05,1,0.32,91.01
STU1077,4.29,99.3,7.25,3.92,73.68,0,2.76,98.42
STU1078,5.13,80.46,7.91,1.97,72.84,1,5.93,100.0
STU1079,3.44,71.73,6.66,3.12,48.52,1,2.38,90.4
STU1080,4.82,92.9,9.18,2.05,56.88,1,5.85,100.0
STU1081,2.81,42.44,5.94,3.84,69.08,1,6.81,65.24
STU1082,3.35,44.79,7.26,3.21,55.58,1,4.0,87.31
STU1083,3.31,86.94,6.96,2.33,60.82,1,3.06,96.19
STU1084,1.85,75.91,6.88,1.42,71.62,1,4.05,82.67
STU1085,4.88,78.76,6.86,3.4,59.77,0,3.07,84.21
STU1086,3.16,55.1,7.13,1.18,68.39,1,4.8,87.59
STU1087,4.02,74.65,8.02,3.64,88.89,0,5.2,89.3
STU1088,4.87,100.0,8.65,6.94,62.42,1,4.39,94.91
STU1089,4.8,87.36,7.0,5.03,82.69,1,8.35,96.19
STU1090,5.2,77.55,7.98,4.08,73.39,1,3.56,93.99
STU1091,3.82,68.41,6.16,2.87,42.99,1,7.78,72.8
STU1092,3.24,69.08,7.92,0.09,48.47,0,2.92,87.82
STU1093,3.86,43.06,6.09,1.02,52.5,0,5.15,73.82
STU1094,0.96,78.86,8.31,4.92,52.18,0,7.37,67.69
STU1095,1.4,87.68,9.65,1.82,63.65,0,7.26,75.1
STU1096,1.62,51.37,6.85,1.95,74.22,1,4.16,76.26
STU1097,2.2,65.08,4.37,2.75,83.83,1,6.11,82.21
STU1098,4.72,57.64,6.34,1.41,69.62,0,5.84,89.6
STU1099,2.37,60.52,8.48,1.16,58.31,1,3.92,79.73
STU1100,3.32,75.8,7.66,2.92,33.77,1,6.23,73.64
STU1101,,43.73,7.3,1.66,66.06,0,8.72,87.81
STU1102,3.36,84.21,8.21,1.89,65.39,0,5.94,91.13
STU1103,5.33,86.31,7.58,1.83,67.74,0,6.13,98.69
STU1104,2.32,71.23,8.46,3.78,96.59,1,6.34,84.79
STU1105,3.63,37.79,8.1,2.65,83.61,0,2.08,84.77
STU1106,2.29,60.05,8.83,2.73,76.78,1,5.92,90.57
STU1107,3.39,93.49,7.43,3.9,50.57,1,2.97,89.24
STU1108,5.51,33.33,8.09,2.79,57.31,1,3.82,77.93
STU1109,0.89,69.79,6.63,2.58,63.58,0,9.32,68.51
STU1110,4.78,57.3,6.28,3.71,53.37,0,4.49,89.78
STU1111,4.43,87.07,9.05,4.0,72.51,0,3.52,87.63
STU1112,2.93,64.87,7.26,2.78,70.35,1,7.31,82.14
STU1113,1.4,81.06,7.97,3.12,48.68,1,3.1,77.43
STU1114,4.13,83.48,7.15,1.83,82.95,1,4.11,99.23
STU1115,3.05,100.0,6.3,1.71,66.53,0,7.5,88.43
STU1116,4.42,71.96,7.01,4.15,39.06,1,5.09,87.49
STU1117,4.04,80.64,8.72,3.67,64.23,1,1.88,94.43
STU1118,6.88,52.72,7.67,3.68,69.22,0,6.09,97.97
STU1119,3.57,92.86,4.95,3.42,79.59,1,4.21,90.84
STU1120,2.16,63.59,6.74,3.07,59.94,0,8.08,68.91
STU1121,4.32,66.59,9.14,4.04,77.42,1,3.79,89.58
STU1122,4.4,74.67,6.74,4.4,67.81,0,7.1,73.59
STU1123,6.45,51.56,4.84,4.37,45.27,1,8.55,81.49
STU1124,5.5,78.43,9.27,2.85,43.77,1,3.3,100.0
STU1125,4.64,89.51,7.82,5.08,81.84,1,4.61,98.55
STU1126,6.63,79.39,6.92,3.34,82.94,1,5.78,100.0
STU1127,1.86,51.17,6.55,3.95,69.84,0,3.29,68.21
STU1128,2.85,73.14,8.3,3.42,87.44,1,5.54,87.93
STU1129,2.33,86.13,6.35,3.37,80.85,1,4.55,91.68
STU1130,3.3,46.83,8.38,1.9,75.25,0,4.51,92.33
STU1131,1.52,58.88,7.65,4.05,51.33,1,5.1,77.64
STU1132,5.14,88.15,7.29,7.27,90.97,0,5.14,94.97
STU1133,3.6,79.05,7.17,2.44,73.04,0,5.33,87.75
STU1134,1.35,81.18,6.79,3.11,59.21,1,3.8,79.48
STU1135,2.17,100.0,8.25,2.33,54.98,0,3.89,82.06
STU1136,4.56,82.03,5.96,2.27,68.85,1,4.76,86.68
STU1137,5.51,84.87,5.05,5.32,39.93,1,4.91,79.02
STU1138,7.59,100.0,7.74,1.99,75.5,1,4.12,100.0
STU1139,9.24,71.79,7.76,2.29,50.7,0,5.65,100.0
STU1140,4.75,63.03,7.58,0.62,70.56,0,1.37,87.9
STU1141,2.22,81.42,7.49,1.86,57.18,1,3.54,85.24
STU1142,0.16,81.58,6.62,0.44,61.03,0,4.44,73.41
STU1143,4.48,67.1,7.94,3.95,53.65,1,3.29,81.43
STU1144,2.54,59.51,6.95,7.2,62.58,0,8.26,61.86
STU1145,3.25,100.0,6.42,2.45,93.34,0,5.04,93.28
STU1146,2.9,79.9,6.63,0.5,85.78,0,5.35,87.59
STU1147,3.75,64.02,9.42,4.35,70.32,0,4.03,89.05
STU1148,5.92,88.74,4.92,1.91,64.62,0,4.97,86.33
STU1149,4.28,73.36,7.6,4.95,77.66,1,2.57,81.43
STU1150,3.71,71.21,4.99,2.58,81.95,0,4.66,85.04
STU1151,2.14,83.43,6.87,2.05,52.55,0,3.13,80.57
STU1152,0.99,55.62,6.48,2.73,63.84,0,4.45,69.81
STU1153,3.12,80.29,4.5,4.14,37.67,1,0.0,75.76
STU1154,3.9,100.0,7.47,2.66,81.85,0,2.74,93.5
STU1155,7.18,81.99,6.54,2.25,95.98,1,7.93,100.0
STU1156,4.23,69.36,4.48,2.7,66.2,1,6.66,81.97
STU1157,5.77,67.39,8.01,1.09,33.12,1,7.64,98.34
STU1158,3.1,68.84,8.72,3.6,74.13,1,7.78,83.1
STU1159,,71.19,8.79,0.32,51.44,0,6.35,79.16
STU1160,2.26,69.33,7.43,2.33,55.05,1,4.09,93.03
STU1161,2.69,88.74,7.06,4.14,74.4,0,2.93,83.86
STU1162,7.83,49.0,8.59,3.45,68.82,0,7.29,98.21
STU1163,2.52,87.93,9.02,3.89,57.68,1,5.13,88.65
STU1164,5.51,69.3,8.36,2.9,55.26,0,9.99,90.02
STU1165,2.37,80.65,5.87,4.75,66.89,1,4.27,80.68
STU1166,5.68,58.1,7.24,4.39,58.86,0,8.95,82.22
STU1167,4.69,94.93,7.53,3.67,48.36,0,4.69,89.79
STU1168,3.72,93.68,4.83,4.39,60.01,1,7.67,80.18
STU1169,3.93,89.39,7.56,4.13,70.09,0,8.39,87.27
STU1170,2.82,52.28,9.73,2.34,62.33,1,2.95,94.82
STU1171,4.8,87.44,7.77,0.98,43.8,1,4.03,100.0
STU1172,3.18,81.07,8.77,3.63,79.84,0,2.93,91.26
STU1173,,50.92,7.22,3.82,23.92,1,2.54,69.46
STU1174,,74.64,6.91,4.64,58.3,0,6.33,65.31
STU1175,4.31,80.47,,1.6,55.7,1,4.61,91.98
STU1176,6.84,83.34,6.02,1.64,67.22,1,5.1,100.0
STU1177,4.29,77.66,5.84,3.69,73.42,0,6.11,92.51
STU1178,3.79,79.37,8.52,2.89,81.9,1,1.29,94.37
STU1179,4.51,97.1,8.65,0.17,54.31,0,7.57,94.34
STU1180,6.35,93.39,5.81,3.56,73.8,1,4.3,100.0
STU1181,4.39,31.99,8.16,0.22,67.94,0,6.06,83.83
STU1182,3.26,70.24,6.9,,39.33,0,6.24,86.21
STU1183,5.99,72.53,7.41,5.03,93.51,1,7.74,98.27
STU1184,4.77,48.72,7.55,5.74,43.42,1,4.79,77.53
STU1185,6.76,76.41,8.19,1.18,71.29,1,0.75,100.0
STU1186,4.33,93.73,7.1,2.51,70.85,0,5.11,98.46
STU1187,1.8,58.7,8.69,3.06,69.13,1,5.4,85.31
STU1188,1.54,80.05,7.37,5.67,57.58,1,2.93,69.83
STU1189,6.97,61.26,7.75,2.26,77.41,0,5.29,97.73
STU1190,,64.92,,2.28,41.59,1,4.28,99.3
STU1191,3.68,97.16,9.59,5.32,64.01,1,2.31,93.56
STU1192,3.31,66.86,7.56,2.44,56.54,1,6.34,80.49
STU1193,6.63,81.93,7.86,4.08,54.84,1,3.87,100.0
STU1194,2.01,46.93,5.07,0.78,71.43,0,4.19,79.08
STU1195,2.39,100.0,6.01,2.74,81.16,0,4.07,85.92
STU1196,5.16,84.04,8.49,0.51,59.85,0,7.47,97.63
STU1197,3.29,72.26,7.34,1.42,76.71,0,4.92,81.96
STU1198,3.99,83.63,4.7,4.26,65.75,1,5.16,80.57
STU1199,3.71,53.85,8.25,2.93,51.61,1,4.12,82.73
STU1200,4.61,92.74,6.35,2.52,61.13,0,5.93,90.88
STU1201,6.53,70.14,8.69,1.88,60.51,0,7.7,91.58
STU1202,4.16,71.94,6.89,2.67,54.55,0,6.3,78.86
STU1203,5.16,67.63,7.25,3.45,71.43,1,6.37,86.33
STU1204,0.31,66.29,8.41,4.47,68.52,0,6.21,68.93
STU1205,3.91,85.42,,0.0,41.14,0,2.24,79.09
STU1206,2.48,78.84,5.81,1.75,40.23,0,3.25,71.54
STU1207,1.81,84.78,6.76,3.24,71.37,0,4.59,70.16
STU1208,2.42,74.87,7.99,2.85,52.77,1,3.55,84.53
STU1209,3.4,82.7,5.4,3.61,69.53,1,2.87,78.33
STU1210,5.65,68.72,5.0,3.4,76.71,1,1.26,96.13
STU1211,1.61,100.0,7.99,2.54,45.94,1,2.31,93.63
STU1212,4.06,51.48,6.28,2.21,43.83,0,4.49,84.32
STU1213,3.13,93.91,6.53,2.63,90.12,1,4.86,86.56
STU1214,3.41,95.52,4.77,4.72,70.27,1,3.41,88.64
STU1215,5.8,62.22,6.19,1.9,58.71,1,5.16,87.75
STU1216,4.97,100.0,6.99,2.91,50.99,0,4.13,87.49
STU1217,6.41,89.93,8.12,3.28,57.34,1,7.18,99.82
STU1218,3.72,89.57,6.07,5.34,47.14,1,4.68,87.73
STU1219,2.75,75.42,8.99,2.55,78.25,0,6.39,88.88
STU1220,3.6,71.74,6.18,4.44,53.35,1,5.41,75.77
STU1221,4.44,71.86,6.18,4.85,81.4,1,2.2,94.35
STU1222,4.32,80.86,8.84,2.9,58.99,1,4.82,82.21
STU1223,2.05,96.02,7.25,2.68,49.35,0,2.53,78.19
STU1224,4.16,77.72,6.34,2.51,58.61,0,4.78,81.35
STU1225,4.41,61.33,6.81,2.62,25.64,0,3.51,77.07
STU1226,8.53,87.37,8.62,,63.19,1,5.76,100.0
STU1227,7.38,88.82,8.76,3.35,62.45,0,2.32,100.0
STU1228,2.46,84.82,6.02,3.35,77.37,0,5.03,81.0
STU1229,3.48,86.18,6.95,1.31,36.71,1,6.14,85.74
STU1230,1.37,70.94,7.11,1.55,82.43,1,6.82,84.92
STU1231,2.94,61.07,5.82,6.22,77.31,1,3.47,77.37
STU1232,4.57,61.98,6.93,,83.78,0,5.04,87.6
STU1233,6.17,50.47,7.01,1.84,64.21,1,5.37,95.71
STU1234,2.69,78.55,8.37,5.15,80.21,1,8.09,86.99
STU1235,2.82,73.75,8.45,3.42,42.93,0,2.04,76.15
STU1236,0.13,68.4,6.6,3.87,75.7,0,3.18,68.65
STU1237,3.71,30.67,6.74,2.79,53.43,0,10.61,71.84
STU1238,2.09,56.29,7.8,2.52,40.23,0,4.45,64.27
STU1239,3.05,91.81,6.3,2.75,48.14,1,1.22,96.85
STU1240,2.42,65.03,7.71,0.93,65.08,0,3.83,75.69
STU1241,3.83,80.41,6.89,2.87,52.64,1,0.0,89.15
STU1242,0.84,54.14,5.84,3.44,70.64,1,5.48,63.82
STU1243,1.36,96.58,5.85,5.78,37.88,0,6.62,76.06
STU1244,7.83,72.84,8.74,3.13,33.09,1,3.18,98.68
STU1245,1.68,79.35,6.81,0.0,85.59,1,4.06,88.7
STU1246,2.03,100.0,8.97,,78.56,0,6.85,86.19
STU1247,7.31,97.75,6.38,7.11,49.26,1,1.5,99.1
STU1248,9.23,70.4,7.35,4.3,64.96,1,2.36,100.0
STU1249,,66.1,9.87,1.78,80.29,0,4.54,84.07
STU1250,3.34,70.12,5.73,3.89,71.29,0,3.5,62.61
STU1251,4.61,82.65,4.72,1.89,67.22,0,4.41,89.9
STU1252,7.11,73.42,8.54,0.97,81.43,1,2.47,100.0
STU1253,2.22,69.07,6.01,2.48,54.04,0,5.43,78.4
STU1254,3.56,97.01,6.98,3.14,65.47,0,4.7,95.57
STU1255,5.4,73.29,6.3,0.19,64.73,1,6.1,96.98
STU1256,4.78,100.0,7.32,1.28,60.91,1,5.4,100.0
STU1257,3.32,76.36,5.86,3.02,59.15,1,5.41,77.48
STU1258,3.76,100.0,6.78,2.39,66.09,1,2.11,100.0
STU1259,,80.36,7.54,3.59,65.52,1,5.99,75.88
STU1260,3.57,89.44,5.79,1.18,49.27,0,4.34,80.14
STU1261,3.52,64.13,6.16,4.07,77.03,0,4.67,79.2
STU1262,4.42,62.19,6.58,1.22,50.35,1,7.1,92.43
STU1263,3.0,81.9,5.29,5.46,61.73,0,3.56,76.71
STU1264,4.85,89.83,6.49,0.43,60.57,1,7.7,100.0
STU1265,,75.6,7.14,1.36,70.37,1,7.89,95.28
STU1266,4.28,55.7,6.52,3.63,33.21,0,6.51,76.77
STU1267,4.63,54.6,6.67,5.5,78.36,1,3.04,82.18
STU1268,4.1,53.59,6.98,3.47,54.85,0,0.63,81.81
STU1269,4.0,48.49,6.21,3.84,83.3,1,7.16,82.74
STU1270,2.7,76.64,7.83,3.03,57.83,1,5.22,86.55
STU1271,4.57,91.88,8.72,1.46,64.27,1,3.51,100.0
STU1272,3.82,74.8,6.44,2.26,93.71,1,7.35,89.44
STU1273,7.77,41.09,7.58,1.18,60.84,0,3.28,100.0
STU1274,6.83,72.14,6.71,1.08,83.58,0,4.15,100.0
STU1275,4.69,72.56,7.44,3.6,65.59,1,6.05,86.98
STU1276,2.63,100.0,8.88,1.32,71.23,1,2.77,89.5
STU1277,2.0,53.14,7.61,3.48,66.05,0,4.78,74.34
STU1278,6.14,69.14,4.87,1.05,77.72,0,7.18,93.0
STU1279,4.47,100.0,7.54,3.44,54.72,1,5.42,93.76
STU1280,4.86,81.75,8.48,2.27,50.24,1,7.49,95.39
STU1281,0.86,83.45,6.73,5.11,55.42,1,7.27,66.95
STU1282,5.67,76.72,8.19,3.49,66.5,1,5.02,96.08
STU1283,4.82,79.95,6.17,4.85,61.69,1,0.33,91.08
STU1284,2.0,86.66,5.22,1.87,75.65,1,2.79,94.43
STU1285,3.15,62.86,7.17,3.08,84.57,1,6.53,85.57
STU1286,4.47,88.17,4.89,1.53,50.36,1,1.9,87.0
STU1287,4.09,54.4,6.71,2.38,53.99,1,4.35,77.03
STU1288,3.47,79.93,8.54,2.61,43.46,0,5.68,82.89
STU1289,3.81,77.68,4.71,1.91,95.46,0,7.94,82.68
STU1290,3.55,65.76,5.46,1.18,69.57,1,3.85,80.09
STU1291,4.27,74.66,5.76,0.88,72.2,1,3.71,98.09
STU1292,6.65,65.66,6.92,0.0,44.9,1,4.9,100.0
STU1293,0.0,58.92,6.56,1.42,64.98,0,5.7,64.64
STU1294,3.57,69.7,8.68,3.94,72.64,0,4.69,86.26
STU1295,4.32,58.44,8.15,0.6,61.21,1,7.1,90.99
STU1296,4.53,79.84,7.59,0.95,81.14,0,3.4,100.0
STU1297,3.33,57.75,7.17,5.69,99.68,0,5.24,83.58
STU1298,0.84,85.68,7.47,2.05,50.79,0,5.89,60.49
STU1299,4.59,57.28,5.97,,49.67,1,4.2,80.45
STU1300,7.11,66.51,8.03,3.96,51.83,1,6.68,97.75
STU1301,1.24,65.63,5.67,3.99,89.09,0,5.3,70.43
STU1302,5.55,94.88,8.0,0.72,80.64,1,6.58,100.0
STU1303,3.41,79.95,8.42,2.65,62.97,0,5.39,89.93
STU1304,3.89,71.82,7.25,0.57,65.55,0,5.75,89.25
STU1305,2.1,82.48,6.79,6.67,52.75,1,3.74,80.96
STU1306,3.4,43.39,7.48,0.61,78.35,1,3.74,93.51
STU1307,6.34,74.35,3.57,1.43,59.3,1,7.45,92.7
STU1308,5.05,100.0,7.36,1.44,61.1,1,6.27,100.0
STU1309,7.12,76.99,6.86,0.76,74.13,0,2.95,92.62
STU1310,6.12,76.02,6.94,5.03,62.18,0,5.36,87.81
STU1311,4.79,83.22,7.85,6.63,61.48,1,0.25,84.49
STU1312,7.14,88.43,6.91,2.29,65.16,0,3.85,100.0
STU1313,4.79,45.04,5.63,1.02,76.93,1,6.92,88.44
STU1314,5.49,49.77,6.83,0.0,89.7,0,4.75,100.0
STU1315,3.47,78.15,7.08,2.63,73.78,1,5.24,96.98
STU1316,4.12,64.28,7.14,2.53,77.05,0,0.0,90.85
STU1317,2.74,94.68,,2.02,62.0,0,4.22,98.61
STU1318,5.78,70.27,8.25,3.33,54.38,1,5.68,94.64
STU1319,1.88,45.98,5.7,,74.81,0,5.93,60.91
STU1320,5.41,55.98,7.21,3.48,67.57,0,6.92,82.07
STU1321,3.66,33.75,8.55,2.53,43.66,1,4.58,74.15
STU1322,6.11,71.49,4.92,1.35,60.08,0,4.67,95.65
STU1323,,72.17,7.22,4.0,63.76,0,2.34,85.77
STU1324,7.28,68.63,6.3,3.02,57.34,0,4.59,93.58
STU1325,5.32,91.18,6.56,4.33,87.23,1,2.48,100.0
STU1326,1.17,92.98,,4.19,72.2,0,1.3,76.26
STU1327,3.88,72.44,6.8,0.87,85.6,0,2.83,98.49
STU1328,1.89,42.98,9.21,0.85,68.95,0,8.02,77.76
STU1329,3.07,84.26,5.48,1.87,66.22,1,4.46,93.77
STU1330,6.72,83.33,5.6,1.42,50.95,1,5.44,98.32
STU1331,5.15,79.64,5.44,4.13,65.18,0,3.97,93.59
STU1332,2.74,89.72,9.07,3.53,65.2,1,1.42,85.39
STU1333,2.18,57.53,6.45,4.65,44.49,1,6.87,59.74
STU1334,4.06,100.0,6.97,3.59,56.91,1,0.66,89.74
STU1335,,60.61,6.52,3.31,60.15,0,3.89,71.07
STU1336,2.79,86.24,5.87,,71.2,1,4.89,88.75
STU1337,4.56,49.69,6.72,3.7,71.92,0,5.46,77.69
STU1338,6.08,61.05,9.95,3.1,56.28,0,3.55,91.68
STU1339,5.1,97.75,8.67,5.22,72.03,0,1.32,97.11
STU1340,0.0,71.09,5.98,3.17,62.27,0,3.4,69.24
STU1341,4.55,87.6,7.78,2.54,21.96,1,3.5,85.72
STU1342,4.13,78.55,6.0,1.74,57.73,0,3.45,84.77
STU1343,4.75,73.43,4.87,4.05,81.18,1,6.94,81.56
STU1344,6.91,95.46,8.22,4.86,39.77,0,2.57,94.34
STU1345,0.29,71.45,8.39,2.92,66.69,1,5.6,80.38
STU1346,2.94,48.29,8.26,4.96,88.78,0,5.32,77.6
STU1347,5.06,62.95,6.44,0.04,53.59,0,6.92,84.12
STU1348,1.15,83.27,6.8,2.92,65.03,1,4.73,85.23
STU1349,,80.93,7.9,2.94,45.44,0,6.58,90.97
STU1350,4.66,51.49,7.47,1.91,89.41,1,4.66,100.0
STU1351,5.52,64.13,6.53,6.58,63.75,1,5.87,90.72
STU1352,2.97,66.27,5.06,2.9,65.7,1,1.99,82.48
STU1353,5.46,69.52,7.14,2.39,85.31,1,0.0,96.04
STU1354,5.92,54.36,8.29,3.04,74.92,0,5.76,100.0
STU1355,,65.57,5.56,0.0,51.87,0,5.86,86.96
STU1356,4.42,64.07,7.77,1.86,55.29,1,5.95,86.8
STU1357,4.49,86.57,7.4,4.47,72.42,0,3.95,95.19
STU1358,2.45,87.14,7.9,2.06,55.64,0,7.98,84.16
STU1359,3.73,72.81,8.05,1.76,33.24,0,4.08,88.05
STU1360,3.73,69.12,6.17,4.96,64.2,1,5.84,76.89
STU1361,4.69,77.1,5.06,5.01,42.8,0,6.19,77.6
STU1362,5.8,62.75,6.36,3.78,89.24,1,8.44,87.49
STU1363,2.09,57.8,8.07,2.32,67.65,0,4.37,80.43
STU1364,3.77,60.9,6.35,2.64,51.42,0,3.69,78.57
STU1365,6.67,65.48,6.17,1.79,54.52,0,2.0,96.83
STU1366,2.66,57.55,4.81,1.51,36.66,1,8.1,69.12
STU1367,2.52,77.43,9.1,1.43,48.51,1,5.84,83.97
STU1368,4.36,85.95,7.99,2.07,80.24,0,5.91,91.24
STU1369,5.52,51.19,7.92,1.45,98.48,1,11.23,100.0
STU1370,4.02,75.38,8.16,0.65,75.9,1,5.65,100.0
STU1371,6.39,71.7,7.69,3.33,63.62,0,2.4,93.95
STU1372,5.54,80.12,6.71,3.35,58.52,0,4.61,93.62
STU1373,5.52,74.81,6.8,5.55,50.65,1,3.05,90.33
STU1374,5.0,53.2,6.49,2.0,95.9,1,4.21,96.29
STU1375,8.19,56.06,10.0,3.44,62.17,0,4.19,94.21
STU1376,3.63,75.44,7.67,3.47,96.73,1,3.83,88.88
STU1377,0.39,90.43,6.44,2.62,85.9,1,2.21,80.41
STU1378,6.89,41.79,7.56,4.12,38.89,1,8.19,72.29
STU1379,3.18,80.19,5.79,4.16,55.01,1,5.6,86.91
STU1380,4.19,92.84,8.81,3.49,54.96,0,4.55,92.34
STU1381,6.36,72.7,6.21,2.62,63.8,1,6.52,96.13
STU1382,1.12,83.25,7.6,2.46,64.1,1,5.94,68.87
STU1383,1.75,64.45,8.28,0.95,100.0,1,5.55,80.91
STU1384,1.12,73.21,7.46,1.79,48.84,1,6.37,74.74
STU1385,2.57,50.69,7.11,2.07,68.43,1,5.27,89.2
STU1386,4.79,39.83,7.01,1.31,74.25,0,6.34,80.74
STU1387,4.94,89.14,6.93,3.66,64.98,0,6.51,94.54
STU1388,4.5,60.23,6.31,4.79,66.65,1,5.33,80.32
STU1389,1.46,68.17,6.46,1.64,49.33,1,4.56,75.56
STU1390,0.0,54.2,8.78,3.43,66.6,1,8.06,72.64
STU1391,4.1,53.85,6.87,1.45,72.67,1,4.04,87.6
STU1392,3.15,72.39,6.06,2.54,69.91,0,5.78,77.64
STU1393,4.83,64.06,6.38,1.96,73.55,1,5.83,99.04
STU1394,5.26,80.67,8.32,3.9,86.19,0,3.78,98.11
STU1395,4.25,81.79,7.81,1.98,79.05,0,3.38,100.0
STU1396,5.37,79.81,7.67,4.52,66.07,1,4.29,91.15
STU1397,4.41,78.58,6.69,2.63,47.42,0,4.02,92.21
STU1398,4.95,98.67,7.69,2.03,56.0,1,2.08,100.0
STU1399,2.73,58.99,6.23,1.12,61.71,1,3.7,84.61
STU1400,3.68,74.18,6.69,3.38,68.79,0,5.53,83.62
STU1401,4.35,91.99,8.16,4.34,57.83,1,7.53,87.51
STU1402,5.48,93.97,8.05,3.41,50.96,0,6.11,93.07
STU1403,,53.67,5.82,6.36,47.18,0,0.0,66.42
STU1404,4.94,70.31,5.97,5.14,40.23,1,6.28,84.11
STU1405,3.52,95.37,7.13,2.54,61.48,0,3.88,88.65
STU1406,3.79,82.62,9.07,2.52,42.96,1,5.91,80.87
STU1407,5.49,77.93,4.7,3.7,49.99,0,4.97,75.82
STU1408,0.41,71.73,7.33,1.74,59.09,1,4.61,66.36
STU1409,1.67,69.24,5.35,4.75,44.96,1,4.8,70.48
STU1410,1.33,79.32,6.24,3.54,70.7,1,4.96,72.03
STU1411,0.0,71.21,6.56,3.38,76.1,0,7.69,67.97
STU1412,2.78,74.36,6.5,4.03,56.76,1,4.96,79.65
STU1413,5.35,76.18,6.36,5.58,58.44,0,7.17,81.68
STU1414,3.49,64.83,7.01,3.26,73.06,1,6.88,86.12
STU1415,4.36,82.98,6.36,2.83,54.29,1,6.33,89.08
STU1416,5.96,100.0,5.25,5.26,53.26,1,1.43,82.9
STU1417,6.39,48.35,7.94,4.45,82.95,1,7.23,91.27
STU1418,3.88,79.86,7.9,2.52,78.26,0,4.08,94.14
STU1419,,63.6,8.01,3.01,74.02,1,6.43,100.0
STU1420,4.17,83.66,5.15,3.29,78.88,0,3.05,97.9
STU1421,,75.7,7.36,3.54,35.34,0,2.63,67.2
STU1422,2.93,86.43,7.81,0.97,85.31,1,8.95,92.06
STU1423,1.34,92.63,5.76,0.69,70.88,0,3.09,76.33
STU1424,2.4,77.89,7.01,1.67,80.16,0,7.29,91.14
STU1425,3.36,91.98,6.86,1.55,70.81,0,5.24,95.73
STU1426,,39.84,9.21,2.03,65.73,1,4.16,93.97
STU1427,7.1,98.86,9.31,3.95,60.87,0,4.91,100.0
STU1428,1.51,80.63,5.0,2.75,70.51,0,2.4,84.01
STU1429,4.71,91.17,9.99,3.29,60.32,1,4.97,100.0
STU1430,2.13,56.7,5.9,1.16,78.02,0,2.83,85.32
STU1431,4.85,62.54,8.18,2.31,41.2,1,4.21,90.15
STU1432,3.76,77.19,8.16,3.88,56.88,0,6.85,79.88
STU1433,0.7,74.74,5.81,3.89,95.67,0,5.51,78.04
STU1434,5.67,79.25,7.59,1.91,55.61,0,2.04,100.0
STU1435,2.91,91.27,6.87,3.24,61.42,0,6.7,81.06
STU1436,3.04,48.52,7.67,6.3,51.76,0,4.99,64.44
STU1437,2.07,89.61,7.28,2.97,70.04,0,3.92,89.02
STU1438,2.82,75.12,8.44,1.96,53.96,1,6.49,92.86
STU1439,4.77,71.94,7.09,2.74,62.22,1,4.67,87.89
STU1440,3.66,52.93,6.8,3.14,77.73,1,2.67,84.67
STU1441,4.59,82.55,8.32,2.77,54.52,1,8.7,92.14
STU1442,4.65,38.79,7.7,2.95,76.83,0,4.97,85.24
STU1443,6.38,84.73,7.88,0.83,77.33,0,4.84,100.0
STU1444,3.38,52.62,6.2,1.56,80.82,1,4.19,95.9
STU1445,1.34,75.8,5.75,,67.11,1,7.36,77.14
STU1446,5.92,73.21,6.32,2.75,100.0,0,3.95,100.0
STU1447,3.4,92.54,6.26,2.15,80.82,1,1.91,100.0
STU1448,6.01,72.32,7.94,2.73,69.87,0,3.64,94.97
STU1449,4.69,64.59,8.17,3.09,51.86,0,7.65,81.76
STU1450,,67.4,6.81,4.33,63.54,1,6.66,75.09
STU1451,4.63,94.09,8.72,2.85,86.39,1,4.49,100.0
STU1452,7.51,83.04,8.64,3.6,90.64,1,7.75,100.0
STU1453,7.74,69.22,7.29,2.19,87.17,1,6.5,100.0
STU1454,4.12,71.45,6.01,3.86,76.78,1,4.47,90.41
STU1455,4.29,51.49,8.89,3.56,46.17,1,4.67,80.63
STU1456,5.94,80.83,6.93,4.3,72.31,1,5.66,96.31
STU1457,2.48,48.6,7.15,4.07,46.38,1,3.34,74.99
STU1458,4.6,86.28,6.59,3.88,42.69,1,5.01,81.21
STU1459,3.95,76.93,5.93,2.85,68.59,0,5.62,85.65
STU1460,4.57,100.0,5.24,3.37,72.85,1,1.63,100.0
STU1461,2.5,58.5,7.76,4.6,78.55,0,4.62,67.25
STU1462,1.14,73.46,6.06,2.02,72.46,1,4.39,82.54
STU1463,0.27,100.0,10.0,2.06,72.97,1,7.06,77.55
STU1464,1.99,92.87,5.7,3.27,50.23,1,1.31,81.48
STU1465,3.17,64.56,5.49,3.62,63.43,0,4.24,70.21
STU1466,3.47,78.36,7.61,1.76,42.39,1,4.04,93.82
STU1467,7.49,75.03,8.84,2.89,34.95,1,6.92,92.55
STU1468,5.99,79.23,,2.86,76.11,1,4.91,92.93
STU1469,2.27,64.52,7.69,0.0,53.7,0,8.59,77.79
STU1470,4.63,73.66,4.79,2.67,78.09,1,6.32,88.24
STU1471,3.27,51.03,6.19,2.76,81.63,1,4.18,75.82
STU1472,3.49,77.03,5.71,2.76,55.71,0,5.48,82.46
STU1473,4.33,81.75,4.73,5.12,73.85,1,4.29,76.84
STU1474,5.11,71.59,7.14,1.18,55.08,1,6.72,87.8
STU1475,3.39,50.77,4.31,1.76,37.31,0,2.34,68.33
STU1476,5.91,89.83,5.41,0.0,66.85,1,3.35,100.0
STU1477,1.94,80.47,6.36,2.28,57.94,1,5.91,86.25
STU1478,4.01,64.11,6.0,2.41,58.4,1,7.45,87.97
STU1479,8.68,70.79,7.48,2.24,94.63,1,0.6,100.0
STU1480,4.4,52.49,7.37,4.66,42.11,0,7.75,59.26
STU1481,6.58,59.62,8.07,4.29,70.74,0,4.72,94.81
STU1482,4.16,66.93,7.9,3.12,50.08,0,1.23,92.23
STU1483,5.05,93.43,8.37,2.44,78.62,1,0.0,100.0
STU1484,3.9,65.41,7.0,4.54,69.48,0,1.94,85.19
STU1485,3.69,84.6,7.36,2.97,70.69,0,4.96,82.4
STU1486,2.6,66.93,7.61,1.77,50.83,1,4.87,78.67
STU1487,4.77,78.72,7.17,0.43,53.52,0,6.27,100.0
STU1488,2.47,72.88,6.52,2.34,78.91,0,3.9,75.85
STU1489,5.2,88.1,6.6,4.13,91.56,0,2.78,92.67
STU1490,5.95,66.98,6.02,6.41,72.2,1,4.17,93.71
STU1491,4.66,51.41,7.51,3.09,51.54,1,5.07,81.13
STU1492,3.48,54.27,6.89,1.85,70.08,0,5.46,74.97
STU1493,4.82,67.02,6.2,1.22,100.0,0,3.42,100.0
STU1494,3.44,56.26,6.21,3.83,66.54,1,6.8,80.19
STU1495,5.68,81.15,5.55,0.35,86.93,1,3.76,100.0
STU1496,0.7,68.01,8.17,3.83,53.9,0,3.26,63.09
STU1497,3.4,100.0,7.09,4.23,64.37,1,3.92,100.0
STU1498,0.42,48.93,5.96,3.65,74.29,1,7.15,64.62
STU1499,1.31,78.05,7.97,2.67,70.96,0,4.73,85.44
STU1500,6.45,58.08,6.33,3.85,53.5,1,3.61,95.28
STU1501,5.61,67.6,5.31,3.26,52.86,1,6.85,83.97
STU1502,2.7,77.12,8.23,1.83,79.82,1,9.29,85.38
STU1503,1.3,40.12,6.36,5.78,82.87,0,5.42,69.58
STU1504,0.0,78.55,6.51,2.47,87.68,1,7.47,83.59
STU1505,3.02,100.0,,4.16,92.06,0,7.07,80.15
STU1506,8.36,68.2,8.37,0.0,67.02,0,3.79,100.0
STU1507,4.78,78.9,7.02,4.91,60.33,0,5.05,84.14
STU1508,2.99,90.37,5.56,5.2,85.26,1,2.43,83.24
STU1509,4.84,72.54,7.65,3.04,75.7,1,4.59,96.63
STU1510,1.19,66.29,6.42,3.84,50.26,1,3.75,63.33
STU1511,3.46,40.86,9.27,3.84,49.5,0,4.19,71.19
STU1512,4.18,84.61,7.0,2.04,72.38,0,3.5,89.26
STU1513,3.85,73.3,4.32,3.82,62.34,0,4.43,75.99
STU1514,5.42,59.81,7.43,1.79,64.6,1,6.06,92.8
STU1515,4.62,76.9,9.33,2.09,81.09,1,4.76,95.91
STU1516,5.2,66.24,,4.69,76.39,0,1.27,100.0
STU1517,2.76,67.07,9.2,4.46,84.95,1,3.51,90.08
STU1518,5.62,84.09,5.78,1.94,36.03,0,1.96,99.72
STU1519,6.93,54.92,8.09,1.9,68.8,1,5.49,99.63
STU1520,2.25,90.71,6.13,2.03,75.42,0,6.01,81.32
STU1521,2.4,54.03,7.27,4.1,42.1,0,5.51,74.95
STU1522,6.4,65.06,5.47,1.5,55.18,1,3.43,93.38
STU1523,3.66,100.0,6.23,3.54,52.39,1,5.49,87.36
STU1524,6.53,91.91,6.19,4.12,65.33,0,4.06,100.0
STU1525,3.2,76.46,8.08,2.87,89.42,1,2.72,88.76
STU1526,6.62,60.89,7.96,4.52,95.34,1,6.48,100.0
STU1527,4.24,67.06,7.33,2.54,52.79,1,6.64,88.19
STU1528,4.46,76.1,5.38,2.68,72.9,1,6.9,95.85
STU1529,6.82,75.56,6.63,1.53,73.38,0,3.78,100.0
STU1530,3.35,73.64,6.1,4.53,70.81,1,7.36,87.27
STU1531,2.31,74.54,8.04,1.85,70.98,1,4.01,87.04
STU1532,3.19,71.78,,3.52,69.56,0,6.31,77.87
STU1533,4.81,53.37,8.27,2.89,90.31,1,3.98,100.0
STU1534,,67.25,6.09,1.42,81.54,1,4.55,73.24
STU1535,5.15,88.72,3.71,2.09,49.1,0,0.16,83.74
STU1536,3.03,54.47,4.88,5.07,76.94,0,4.4,74.75
STU1537,6.07,72.16,8.71,3.3,78.39,0,5.18,100.0
STU1538,0.0,62.7,6.52,1.49,69.72,0,4.18,70.42
STU1539,2.58,76.67,6.1,3.46,81.97,1,8.51,86.97
STU1540,0.96,69.17,8.97,2.78,67.82,1,2.68,70.54
STU1541,2.51,97.16,8.52,8.18,68.01,0,3.87,75.62
STU1542,,82.6,7.03,3.43,66.82,0,3.19,80.79
STU1543,3.68,55.32,6.65,2.43,34.73,0,3.87,77.83
STU1544,3.54,85.07,6.84,5.13,63.79,1,7.06,75.3
STU1545,3.71,63.38,7.27,0.24,54.98,1,7.96,79.71
STU1546,4.37,66.35,8.92,3.14,47.2,1,3.6,90.6
STU1547,2.18,79.71,7.51,5.99,86.51,0,3.55,84.88
STU1548,5.27,67.62,7.87,2.83,72.56,0,2.69,93.23
STU1549,5.19,88.39,8.4,0.4,64.55,1,7.61,100.0
STU1550,4.69,63.38,5.6,2.41,56.53,1,7.24,86.97
STU1551,,65.72,7.91,5.18,69.44,1,4.79,87.8
STU1552,4.53,65.15,6.65,3.56,79.87,1,2.21,87.0
STU1553,7.66,66.52,3.98,1.74,52.6,0,2.39,98.79
STU1554,3.84,91.49,4.45,1.97,64.93,0,5.34,89.82
STU1555,3.45,84.43,5.78,2.16,78.02,1,6.1,95.19
STU1556,2.64,100.0,7.64,3.54,35.96,0,0.87,84.25
STU1557,2.14,100.0,7.14,5.01,64.14,0,4.36,74.47
STU1558,1.76,59.54,7.22,4.58,58.56,1,8.24,72.2
STU1559,2.4,76.06,9.34,3.68,62.99,1,4.56,84.44
STU1560,3.87,57.36,5.48,1.0,57.48,1,7.98,79.16
STU1561,4.6,63.34,6.97,1.01,67.06,1,6.3,90.34
STU1562,4.09,65.55,7.37,3.8,93.85,1,2.83,90.45
STU1563,2.62,59.14,6.12,0.98,60.14,0,4.41,82.15
STU1564,5.62,59.22,7.03,2.66,69.38,1,4.74,86.52
STU1565,5.33,72.84,5.08,3.46,94.92,1,3.09,93.25
STU1566,3.71,56.75,8.69,1.29,56.75,0,3.06,83.62
STU1567,2.82,87.63,6.18,1.46,92.22,1,8.01,100.0
STU1568,4.99,61.23,9.44,2.86,65.08,0,3.05,96.85
STU1569,4.34,100.0,6.96,3.76,91.73,0,7.16,87.4
STU1570,1.39,68.23,8.23,4.59,76.25,0,4.13,81.31
STU1571,3.88,76.08,6.94,3.91,69.61,0,4.95,90.99
STU1572,4.47,55.57,6.96,3.11,64.02,0,6.12,75.21
STU1573,2.38,100.0,6.3,1.88,55.64,0,3.8,72.28
STU1574,4.34,91.79,7.14,1.39,66.14,1,6.14,96.89
STU1575,1.38,79.45,7.38,2.23,78.46,1,0.91,92.92
STU1576,6.41,54.8,6.06,3.61,64.8,1,5.88,98.47
STU1577,6.25,78.16,6.85,3.5,60.25,1,0.06,96.39
STU1578,3.55,58.18,6.27,0.0,61.24,1,4.55,95.93
STU1579,4.65,96.94,9.76,1.82,79.89,1,6.71,94.35
STU1580,,87.14,6.89,4.81,83.38,1,6.24,72.52
STU1581,1.92,76.43,8.85,3.12,54.99,1,2.4,80.8
STU1582,3.47,38.45,6.77,0.87,54.97,1,2.66,86.82
STU1583,2.07,60.25,7.31,6.53,70.69,0,3.62,75.8
STU1584,5.29,85.32,5.41,2.96,87.91,0,5.37,100.0
STU1585,7.6,93.19,6.46,3.58,82.19,0,0.94,100.0
STU1586,1.88,91.64,7.25,,46.22,1,4.97,83.5
STU1587,2.49,51.12,8.9,2.45,61.04,0,5.62,78.18
STU1588,,79.52,7.27,1.91,51.04,0,4.43,79.87
STU1589,6.9,90.23,8.66,6.18,60.99,1,6.05,88.91
STU1590,1.8,50.12,7.77,4.5,89.07,0,5.45,78.16
STU1591,4.45,74.88,8.95,4.23,43.66,1,3.92,86.44
STU1592,7.28,79.11,6.93,3.86,40.72,0,1.13,89.64
STU1593,1.03,70.49,9.87,1.5,52.57,0,5.27,75.06
STU1594,1.69,47.22,6.42,4.92,69.31,1,3.09,71.81
STU1595,3.24,70.11,6.08,1.74,74.31,0,3.84,84.64
STU1596,3.06,70.09,5.55,3.42,71.56,1,5.96,73.58
STU1597,5.46,72.78,9.8,0.54,82.64,1,7.83,100.0
STU1598,4.43,66.55,7.98,0.0,38.55,1,4.92,95.3
STU1599,0.81,68.35,6.6,3.48,82.83,1,6.11,73.57
STU1600,4.93,74.4,8.5,1.79,60.32,1,2.11,97.08
STU1601,2.96,81.64,7.83,0.02,75.97,0,5.49,93.67
STU1602,6.29,70.43,9.36,,45.15,1,4.88,89.34
STU1603,2.87,68.86,5.14,6.18,65.07,1,7.46,73.09
STU1604,2.85,76.39,6.68,5.08,68.54,0,3.92,71.23
STU1605,4.97,46.19,6.44,2.61,82.34,1,4.52,89.52
STU1606,5.37,82.16,4.63,3.01,41.22,1,7.12,80.06
STU1607,4.81,74.99,8.27,4.33,65.46,0,4.82,82.64
STU1608,0.97,75.6,6.68,4.68,48.72,0,2.78,75.32
STU1609,4.97,89.41,7.89,2.48,72.58,1,10.1,96.76
STU1610,2.14,45.71,9.83,3.05,76.66,1,2.84,83.18
STU1611,4.42,45.39,6.58,3.45,84.31,0,4.87,72.48
STU1612,1.44,79.11,6.49,3.83,56.97,0,5.69,67.89
STU1613,4.8,74.89,7.14,2.8,78.91,1,5.54,97.75
STU1614,2.55,77.55,8.18,2.82,85.41,1,4.62,91.29
STU1615,1.69,68.07,6.32,5.07,40.35,1,4.63,56.36
STU1616,5.28,84.97,6.24,4.81,74.19,0,4.53,91.91
STU1617,4.43,88.99,8.27,3.72,79.38,0,2.77,97.93
STU1618,2.89,82.26,,5.58,61.12,0,9.3,80.17
STU1619,6.61,71.09,4.55,2.42,46.84,1,4.56,89.4
STU1620,3.21,43.38,5.53,5.43,79.14,0,6.19,57.99
STU1621,4.06,86.54,8.8,3.81,47.01,0,4.33,81.15
STU1622,4.48,93.33,7.48,7.91,62.32,1,4.29,80.87
STU1623,2.88,84.67,6.09,1.21,64.4,0,4.09,89.57
STU1624,4.85,61.81,6.8,1.97,75.73,1,1.9,82.13
STU1625,3.04,85.11,7.02,3.63,55.6,1,4.68,82.06
STU1626,3.26,87.91,7.88,3.6,54.73,0,4.19,91.12
STU1627,,98.38,5.37,5.93,66.48,1,7.34,95.19
STU1628,2.13,61.86,5.99,2.0,80.1,0,2.61,84.41
STU1629,0.0,71.6,7.33,4.36,99.31,1,3.85,69.24
STU1630,6.9,86.21,6.88,4.74,42.39,1,3.2,88.62
STU1631,8.59,75.86,7.69,4.06,69.73,1,7.89,100.0
STU1632,3.27,58.24,5.52,1.56,48.7,1,3.26,80.58
STU1633,0.51,81.22,7.43,5.11,80.28,1,6.12,75.16
STU1634,3.44,83.68,8.31,4.84,50.92,0,6.94,73.21
STU1635,3.48,76.32,7.58,3.9,54.88,1,4.71,84.6
STU1636,3.66,78.29,7.17,3.31,56.16,1,2.25,82.4
STU1637,2.0,71.12,6.88,3.34,63.86,0,2.27,82.98
STU1638,5.04,97.17,6.0,2.88,69.85,1,6.72,100.0
STU1639,,61.49,6.91,3.96,72.26,0,2.48,89.92
STU1640,1.31,66.19,8.51,3.05,64.91,1,5.78,73.7
STU1641,5.26,75.16,6.86,1.73,45.05,1,5.23,79.27
STU1642,7.69,88.18,5.93,1.43,75.92,0,5.75,99.08
STU1643,4.31,52.54,6.41,1.87,64.21,0,5.94,89.25
STU1644,3.39,55.35,7.24,3.33,82.43,0,3.13,77.76
STU1645,3.74,44.43,6.55,2.96,54.38,1,3.05,76.91
STU1646,5.11,75.49,7.58,3.32,40.97,1,6.43,90.7
STU1647,0.88,58.23,7.63,3.75,64.49,0,3.74,75.82
STU1648,4.3,69.23,8.07,2.06,84.44,0,0.0,95.91
STU1649,3.3,84.92,8.71,5.2,67.41,0,6.3,80.51
STU1650,7.33,65.38,8.2,2.6,62.0,0,2.93,100.0
STU1651,3.69,78.47,5.88,2.35,51.94,0,5.93,77.76
STU1652,7.0,70.51,5.92,3.72,91.37,1,7.79,97.97
STU1653,2.01,85.08,6.91,0.25,49.56,0,5.03,83.53
STU1654,5.06,82.13,6.46,1.81,54.12,1,6.99,93.57
STU1655,4.57,64.62,5.63,4.47,73.55,1,5.31,95.97
STU1656,2.44,72.47,6.47,0.39,37.16,0,8.17,76.09
STU1657,4.32,90.66,6.43,4.68,84.12,1,2.88,100.0
STU1658,6.18,80.9,6.19,5.27,74.36,1,4.98,90.47
STU1659,3.42,54.05,6.62,2.45,78.49,0,6.35,82.72
STU1660,0.95,84.83,8.41,3.44,73.37,0,4.62,74.79
STU1661,3.97,58.73,7.24,4.68,62.58,1,7.3,81.25
STU1662,2.38,96.19,9.97,2.3,49.05,0,4.14,90.3
STU1663,3.38,90.36,7.2,4.3,62.9,1,9.14,84.28
STU1664,3.85,79.35,6.65,1.99,50.37,0,9.24,92.73
STU1665,0.93,77.36,7.0,2.28,72.29,1,5.56,86.28
STU1666,1.09,71.86,7.31,1.8,77.1,1,6.11,86.38
STU1667,4.87,85.18,7.52,3.51,87.15,1,7.38,100.0
STU1668,3.06,69.44,9.49,4.74,70.58,1,2.63,95.72
STU1669,0.0,78.53,5.99,2.72,78.87,1,2.38,69.93
STU1670,5.41,88.08,8.03,1.09,60.54,1,7.51,100.0
STU1671,,66.57,7.25,1.38,57.83,0,5.55,81.95
STU1672,2.72,65.76,5.11,3.59,72.11,1,4.55,76.23
STU1673,1.63,57.08,7.92,5.77,59.2,1,5.02,71.78
STU1674,5.5,59.03,8.52,3.59,69.04,0,0.23,99.65
STU1675,4.63,47.57,5.97,2.42,49.08,0,4.62,71.79
STU1676,8.29,85.95,6.99,4.15,51.78,0,3.49,99.52
STU1677,4.76,100.0,4.93,2.64,74.53,1,6.84,97.01
STU1678,4.7,96.38,5.49,2.43,78.3,1,6.99,96.4
STU1679,3.7,50.61,8.26,1.56,50.22,0,6.15,82.85
STU1680,5.47,85.87,6.44,5.11,75.06,0,5.79,100.0
STU1681,5.13,96.33,5.67,0.0,57.01,1,2.01,100.0
STU1682,6.25,68.15,7.28,4.2,65.25,0,6.18,86.55
STU1683,3.06,76.52,,2.3,86.25,0,6.26,79.43
STU1684,3.22,44.88,6.44,2.38,77.11,0,7.49,73.96
STU1685,3.14,79.0,7.89,5.54,76.94,1,9.24,77.02
STU1686,5.42,59.05,5.61,1.93,93.63,0,1.61,98.74
STU1687,6.7,77.99,5.91,1.98,54.44,1,4.22,100.0
STU1688,3.17,51.58,7.18,2.8,50.21,0,3.52,72.31
STU1689,3.24,83.14,8.16,3.62,54.17,1,5.35,95.44
STU1690,4.57,90.37,8.49,2.34,61.18,1,5.03,94.08
STU1691,3.56,63.25,6.2,0.64,29.68,1,4.53,79.59
STU1692,5.71,57.95,8.12,1.7,61.89,0,7.06,93.44
STU1693,0.0,42.66,6.06,4.92,56.83,0,2.8,59.63
STU1694,2.51,71.0,9.19,3.11,76.76,0,2.92,91.8
STU1695,2.59,66.28,5.64,3.68,70.29,0,2.95,78.8
STU1696,0.0,51.73,8.59,2.61,55.99,0,4.28,69.76
STU1697,2.27,81.8,6.21,2.01,73.85,0,2.54,81.15
STU1698,2.35,68.25,9.42,5.52,75.85,1,4.9,85.89
STU1699,3.64,58.86,7.71,2.72,53.47,0,4.67,83.68
STU1700,6.0,66.68,5.78,2.33,57.6,1,3.43,100.0
STU1701,3.56,91.07,6.37,4.64,31.62,1,6.75,69.7
STU1702,2.14,84.04,7.94,1.92,48.64,1,4.88,78.85
STU1703,3.9,73.05,8.26,2.11,53.86,1,7.13,91.58
STU1704,5.89,84.29,6.92,3.02,66.11,0,4.61,82.75
STU1705,2.24,57.59,7.05,3.0,50.82,0,4.95,73.08
STU1706,2.36,75.49,7.91,3.39,57.3,1,3.87,87.18
STU1707,5.01,77.21,7.16,6.14,46.62,0,4.99,77.17
STU1708,3.6,67.95,5.45,3.5,67.57,1,6.42,79.35
STU1709,5.17,81.53,6.02,0.0,71.39,1,4.18,96.61
STU1710,3.98,63.29,7.28,3.49,71.04,1,6.04,83.16
STU1711,5.26,82.65,8.46,3.06,65.19,1,3.37,97.02
STU1712,2.14,83.28,8.94,3.07,41.88,1,6.52,76.16
STU1713,3.98,31.24,7.94,3.37,55.7,1,3.84,73.68
STU1714,3.62,92.85,7.34,2.96,58.89,1,6.7,88.26
STU1715,1.81,30.0,7.9,2.92,58.95,1,5.12,67.07
STU1716,1.19,65.76,6.2,3.92,66.12,0,8.04,75.37
STU1717,,90.38,6.82,2.19,86.38,1,2.69,100.0
STU1718,3.37,70.24,6.01,1.58,77.18,1,2.05,93.13
STU1719,2.16,53.01,5.5,7.54,50.19,1,3.77,59.15
STU1720,3.83,58.59,7.4,1.93,75.18,1,2.23,88.28
STU1721,6.03,90.4,7.22,3.15,74.6,1,2.23,97.07
STU1722,0.0,46.18,7.83,0.76,52.91,1,6.24,59.06
STU1723,1.31,91.93,7.66,3.17,77.73,0,4.99,75.68
STU1724,2.34,74.17,7.29,1.6,62.59,0,4.04,82.56
STU1725,6.63,57.11,7.67,2.34,43.85,0,4.23,95.6
STU1726,4.51,66.25,6.95,4.57,71.83,0,3.81,75.61
STU1727,5.38,59.74,7.5,3.71,68.25,1,8.3,85.49
STU1728,1.95,87.99,6.13,3.85,61.58,1,3.53,74.06
STU1729,1.98,85.99,7.44,0.34,64.44,1,2.36,89.78
STU1730,4.81,49.21,7.8,5.76,54.21,1,6.59,83.21
STU1731,,68.95,6.2,1.21,74.15,1,4.57,90.27
STU1732,4.99,62.05,7.06,5.29,64.35,1,9.08,81.63
STU1733,3.66,94.4,6.25,4.53,67.5,0,3.95,93.26
STU1734,4.5,54.75,6.37,3.87,70.36,1,6.69,85.32
STU1735,4.28,99.06,5.65,1.72,47.68,1,7.16,87.26
STU1736,5.4,74.5,8.52,3.23,51.59,0,3.96,91.61
STU1737,5.45,57.57,8.28,2.29,31.85,1,3.51,83.68
STU1738,1.08,64.84,7.64,3.04,73.47,0,6.48,74.22
STU1739,0.0,62.98,9.37,2.63,46.82,0,6.15,67.5
STU1740,5.8,55.88,6.77,0.0,66.99,0,2.18,89.66
STU1741,6.14,76.42,10.0,4.68,70.56,1,2.74,100.0
STU1742,2.16,56.58,6.73,2.88,74.04,1,0.0,81.76
STU1743,0.65,42.29,7.31,2.27,46.94,0,6.19,62.82
STU1744,4.18,69.3,6.52,2.16,64.02,0,4.48,90.0
STU1745,5.68,47.96,7.45,3.54,90.05,0,4.68,93.38
STU1746,7.24,63.72,8.0,1.66,90.71,1,1.62,100.0
STU1747,4.93,61.36,6.86,0.0,79.81,1,2.8,100.0
STU1748,3.33,61.93,9.13,3.61,70.06,1,4.04,82.26
STU1749,2.39,100.0,7.29,3.78,49.92,1,3.66,78.38
STU1750,4.02,75.85,7.32,2.7,75.78,1,5.24,76.44
STU1751,3.46,78.68,5.91,1.28,62.63,0,6.17,84.01
STU1752,2.17,48.35,7.5,3.13,73.41,1,9.54,69.11
STU1753,7.69,65.19,6.84,0.8,55.51,0,4.96,100.0
STU1754,7.21,78.23,6.27,1.46,62.41,0,7.23,89.43
STU1755,6.04,59.63,6.07,1.87,67.46,1,3.34,93.08
STU1756,2.34,88.62,10.0,4.27,68.69,1,1.65,93.11
STU1757,5.54,56.96,6.68,2.46,72.41,0,4.3,84.96
STU1758,5.15,70.7,5.25,2.33,56.31,1,1.8,94.02
STU1759,4.8,66.21,6.16,5.93,44.85,1,5.03,75.64
STU1760,6.25,77.46,6.94,3.53,89.37,0,3.44,100.0
STU1761,5.14,65.39,7.66,3.51,100.0,0,1.09,100.0
STU1762,5.33,70.94,7.67,2.45,71.71,0,8.47,95.5
STU1763,5.15,71.46,7.81,2.11,45.14,0,3.92,89.24
STU1764,4.61,63.98,6.23,0.0,53.4,1,1.72,89.51
STU1765,0.79,82.28,7.41,4.45,72.64,0,6.8,69.34
STU1766,4.15,78.58,5.95,3.67,85.12,0,3.54,92.73
STU1767,3.0,73.67,6.26,2.73,46.81,0,7.18,69.38
STU1768,1.7,68.54,5.9,2.79,63.14,0,3.53,72.69
STU1769,7.03,86.95,5.57,4.1,67.94,0,3.92,96.29
STU1770,7.11,71.46,8.28,0.67,77.97,0,5.69,100.0
STU1771,6.45,70.4,7.83,2.12,59.85,1,6.19,93.86
STU1772,4.46,76.57,8.17,1.3,41.54,0,6.54,77.19
STU1773,6.43,100.0,7.05,5.66,74.32,1,4.82,100.0
STU1774,4.02,54.89,7.93,4.31,81.87,0,6.06,86.87
STU1775,4.37,86.55,4.89,0.0,63.76,0,6.49,82.17
STU1776,2.03,46.6,8.04,0.73,71.08,0,5.4,78.94
STU1777,4.71,78.26,,2.8,57.88,1,4.71,97.46
STU1778,4.11,98.63,7.75,2.29,52.31,1,2.11,100.0
STU1779,1.66,82.33,7.46,1.01,80.4,1,6.2,85.84
STU1780,3.91,77.56,5.82,5.92,70.81,1,5.08,77.99
STU1781,3.86,66.59,5.2,3.47,72.36,1,4.17,85.2
STU1782,7.24,75.47,6.15,3.71,87.53,0,7.56,100.0
STU1783,5.61,71.22,7.68,1.96,49.18,1,2.14,97.04
STU1784,4.02,63.21,7.83,4.08,56.72,0,8.29,76.21
STU1785,4.45,70.65,,2.43,67.37,1,4.96,83.47
STU1786,4.08,77.98,5.82,2.57,56.54,0,5.64,85.26
STU1787,3.63,63.49,6.13,3.92,76.75,0,4.21,83.37
STU1788,2.05,62.91,6.57,0.56,62.19,0,1.67,81.44
STU1789,3.73,54.6,5.37,5.4,50.11,0,4.72,69.37
STU1790,2.66,80.86,5.29,3.27,65.99,0,5.67,86.15
STU1791,1.75,83.18,6.01,4.92,67.56,0,6.35,68.98
STU1792,4.92,78.47,7.1,1.39,79.02,0,4.6,100.0
STU1793,4.7,89.48,5.58,1.62,70.9,1,0.61,97.21
STU1794,0.78,76.32,,1.26,71.92,1,1.92,88.48
STU1795,3.78,80.88,8.27,3.38,69.8,0,9.1,90.99
STU1796,5.79,79.56,5.44,3.1,62.18,1,2.81,94.64
STU1797,5.91,73.63,6.75,2.3,54.26,1,7.85,100.0
STU1798,5.85,67.04,8.23,1.48,69.33,0,3.13,100.0
STU1799,4.07,100.0,6.5,1.1,60.0,1,4.64,93.25
STU1800,2.48,68.22,6.31,2.93,90.35,0,6.25,79.08
STU1801,2.05,65.01,8.4,2.3,85.13,0,3.36,89.56
STU1802,4.62,81.51,6.63,1.97,74.49,0,8.18,95.24
STU1803,4.68,78.78,8.33,5.32,70.68,0,5.15,82.35
STU1804,6.32,53.93,7.51,2.88,63.68,0,5.92,89.11
STU1805,5.98,91.84,6.59,4.91,46.08,0,4.46,90.73
STU1806,3.76,73.59,7.58,2.2,61.76,0,6.32,82.15
STU1807,1.76,58.34,7.38,3.37,66.52,1,8.16,84.72
STU1808,3.43,92.83,8.23,2.92,68.44,0,4.74,91.54
STU1809,4.39,84.39,6.34,0.45,72.04,0,8.46,91.92
STU1810,3.64,56.03,7.05,5.14,78.82,1,3.78,88.34
STU1811,2.96,100.0,6.93,2.8,54.62,1,6.53,85.69
STU1812,4.46,84.88,7.84,4.12,54.75,0,5.98,90.76
STU1813,3.09,74.85,5.77,1.87,86.76,1,2.86,83.57
STU1814,2.87,98.85,8.22,2.75,76.56,0,5.43,88.82
STU1815,4.56,77.39,7.56,1.7,59.14,1,5.01,99.19
STU1816,3.28,74.58,5.42,4.85,63.39,1,3.29,88.49
STU1817,4.44,65.1,8.45,3.47,63.46,0,5.72,81.18
STU1818,4.49,83.73,9.68,3.55,65.47,1,5.29,91.44
STU1819,1.95,82.15,8.2,5.04,72.09,1,4.85,84.27
STU1820,3.13,75.22,8.71,4.73,100.0,0,4.86,85.56
STU1821,6.59,63.15,7.1,4.15,67.85,1,4.82,94.04
STU1822,1.91,76.95,5.01,0.87,74.94,1,4.26,88.98
STU1823,0.19,73.95,4.79,1.96,39.7,0,5.28,59.34
STU1824,0.65,55.0,7.31,1.49,57.73,0,3.71,59.35
STU1825,4.05,52.92,6.29,4.09,83.43,0,10.31,70.1
STU1826,4.06,83.48,5.9,3.26,71.03,1,2.18,92.68
STU1827,3.79,35.97,6.92,0.91,20.0,1,3.83,63.98
STU1828,6.19,78.08,7.74,2.72,75.11,0,3.99,98.52
STU1829,0.0,67.83,5.26,0.76,93.77,0,9.08,64.73
STU1830,4.71,94.62,6.46,2.92,35.06,1,2.36,99.83
STU1831,6.81,67.6,8.81,0.52,87.79,0,5.85,100.0
STU1832,1.97,84.89,5.71,3.79,23.42,1,5.5,64.44
STU1833,3.32,69.05,8.04,3.57,79.07,0,5.67,85.27
STU1834,2.64,76.71,6.42,5.86,64.87,0,7.47,66.68
STU1835,2.39,86.05,7.65,4.27,29.75,0,7.43,68.54
STU1836,3.41,68.06,8.32,2.37,71.69,0,4.1,95.6
STU1837,6.57,89.95,7.89,4.23,82.26,1,5.39,100.0
STU1838,7.31,60.09,8.09,0.9,70.46,0,1.27,100.0
STU1839,3.4,79.42,5.62,,73.77,1,5.2,85.29
STU1840,7.43,88.84,8.34,3.5,58.82,0,3.41,100.0
STU1841,4.06,84.9,5.98,0.0,37.08,0,4.63,70.4
STU1842,7.16,100.0,7.31,2.94,75.38,1,1.63,100.0
STU1843,3.83,63.55,7.31,,91.25,1,5.81,93.7
STU1844,4.24,54.31,7.58,3.15,81.94,1,1.61,88.38
STU1845,4.66,60.08,7.4,1.38,35.18,1,5.3,89.24
STU1846,9.72,84.91,5.99,3.64,42.28,1,2.55,100.0
STU1847,5.53,82.47,5.38,3.03,52.31,0,3.3,82.67
STU1848,2.73,76.53,,5.1,41.11,1,7.31,84.62
STU1849,5.74,58.16,7.22,3.01,65.66,0,6.18,80.87
STU1850,3.35,86.5,8.38,1.85,70.9,0,7.3,95.77
STU1851,3.12,56.63,6.95,2.63,43.55,0,8.12,71.25
STU1852,5.64,92.38,5.31,0.98,76.66,1,3.45,100.0
STU1853,4.06,100.0,8.16,3.61,74.02,0,8.0,89.89
STU1854,4.5,80.5,6.56,3.88,56.78,0,2.07,86.76
STU1855,4.03,83.75,7.41,6.7,62.41,0,6.49,80.13
STU1856,4.61,67.61,6.22,2.07,35.75,0,4.01,76.5
STU1857,4.76,47.85,8.97,2.6,60.02,0,3.14,84.76
STU1858,0.51,65.96,5.95,2.14,65.11,1,6.23,67.28
STU1859,5.2,58.61,6.6,3.32,67.53,0,6.89,78.02
STU1860,2.23,53.29,7.13,3.57,70.68,1,6.83,70.75
STU1861,1.4,100.0,5.69,2.92,68.66,0,5.43,73.6
STU1862,3.89,79.09,7.4,4.63,61.03,1,5.26,83.58
STU1863,4.15,80.7,8.93,2.07,69.29,1,6.05,97.92
STU1864,2.75,70.36,6.41,4.48,80.03,1,5.61,82.03
STU1865,5.5,72.41,7.47,3.81,63.57,1,6.08,100.0
STU1866,1.58,89.47,3.7,2.98,69.76,0,5.41,63.58
STU1867,3.27,74.51,6.95,2.53,62.21,1,6.69,86.91
STU1868,2.95,82.96,6.62,6.64,55.3,0,1.75,75.58
STU1869,3.92,72.06,6.02,1.77,72.84,1,4.74,94.75
STU1870,4.5,69.87,8.3,3.45,56.67,0,2.23,91.19
STU1871,2.19,53.9,6.61,1.87,70.79,1,5.55,77.62
STU1872,5.3,45.33,6.79,5.68,65.42,1,8.28,79.56
STU1873,4.11,71.08,6.55,4.33,60.44,1,4.05,81.04
STU1874,0.59,75.85,4.7,,60.08,0,5.25,71.63
STU1875,0.47,55.71,5.64,3.77,57.38,0,6.51,49.86
STU1876,3.98,74.48,8.15,3.39,40.31,0,0.86,87.85
STU1877,3.6,75.81,4.47,2.23,70.74,1,3.96,87.12
STU1878,3.81,42.66,6.08,4.14,68.47,1,5.73,74.07
STU1879,3.95,61.27,6.52,3.58,77.75,1,0.0,88.96
STU1880,4.41,81.11,9.09,3.32,57.03,1,3.05,93.59
STU1881,5.71,80.81,7.92,2.94,93.43,0,7.2,100.0
STU1882,2.0,57.69,,3.65,59.3,1,7.01,87.14
STU1883,1.89,77.38,8.57,,51.87,0,5.75,81.36
STU1884,2.03,90.34,6.11,3.09,50.09,0,6.76,71.89
STU1885,4.52,86.66,8.21,2.04,38.99,1,5.43,94.77
STU1886,6.24,73.57,5.37,5.54,87.99,1,6.11,97.91
STU1887,3.22,67.98,8.29,1.42,85.57,1,4.37,89.32
STU1888,0.0,65.56,6.51,3.64,74.01,1,5.23,63.17
STU1889,0.93,82.02,5.77,2.52,51.56,1,3.74,74.57
STU1890,2.5,77.93,6.74,5.64,92.17,0,7.53,82.11
STU1891,3.0,84.44,7.33,1.64,59.72,1,8.04,78.55
STU1892,3.26,76.98,6.41,1.9,60.96,0,7.76,77.37
STU1893,4.07,87.28,7.66,1.55,86.56,0,4.18,100.0
STU1894,3.44,76.42,6.3,3.49,74.88,0,3.09,85.24
STU1895,5.89,86.77,7.74,0.94,98.02,0,7.55,100.0
STU1896,2.78,88.06,7.53,2.28,68.73,1,6.09,82.13
STU1897,2.45,62.93,6.93,0.0,59.04,1,5.66,95.13
STU1898,4.86,47.88,,3.36,55.82,1,3.73,75.48
STU1899,1.24,98.15,7.18,2.25,37.3,0,5.85,64.38
STU1900,4.7,78.85,7.66,0.77,60.82,0,2.83,95.24
STU1901,4.18,49.28,9.47,4.63,82.17,1,6.27,80.74
STU1902,3.73,64.29,8.13,1.04,73.98,1,7.76,90.25
STU1903,6.86,86.58,8.17,4.2,65.3,1,8.26,100.0
STU1904,2.88,70.8,10.0,1.95,50.08,1,6.42,84.3
STU1905,7.71,67.32,7.62,5.4,68.4,0,2.24,93.88
STU1906,3.59,96.01,7.58,4.12,80.19,1,5.39,96.21
STU1907,1.7,59.29,7.84,1.49,71.46,1,9.28,75.97
STU1908,4.13,63.03,5.79,1.62,67.5,1,3.26,94.78
STU1909,2.06,78.17,6.47,3.91,53.05,1,4.88,75.45
STU1910,2.65,80.86,6.39,2.61,78.01,1,7.83,80.28
STU1911,4.71,82.45,7.78,2.75,20.0,0,6.23,72.56
STU1912,5.0,88.67,6.79,4.91,70.74,1,9.96,88.77
STU1913,2.88,77.98,7.17,1.88,100.0,0,3.53,86.41
STU1914,5.78,82.34,8.3,3.14,42.37,1,3.02,89.69
STU1915,6.08,71.11,8.04,4.43,61.38,1,7.45,95.2
STU1916,6.59,75.94,6.81,4.21,64.88,1,2.61,90.22
STU1917,4.95,76.61,6.2,2.76,58.06,1,4.61,98.38
STU1918,6.45,78.23,8.36,2.57,80.55,1,4.87,100.0
STU1919,0.61,86.59,7.93,0.39,72.09,1,7.07,83.82
STU1920,3.43,83.33,5.07,1.42,67.28,0,6.23,79.65
STU1921,2.44,75.66,6.62,3.48,76.96,0,5.91,83.16
STU1922,4.21,62.86,7.2,2.79,65.25,0,4.2,84.61
STU1923,2.97,76.02,7.93,3.11,100.0,1,7.43,88.29
STU1924,3.7,74.58,8.09,4.56,67.27,0,13.05,77.57
STU1925,7.39,77.9,7.34,1.22,67.93,0,6.38,95.5
STU1926,3.69,100.0,7.7,2.65,39.34,1,5.2,81.6
STU1927,,67.14,7.08,3.28,56.85,1,2.4,84.25
STU1928,3.58,81.33,6.19,1.94,82.21,1,3.73,96.13
STU1929,4.14,91.03,6.69,5.15,44.97,0,4.57,81.08
STU1930,4.01,76.47,7.02,4.36,32.64,1,3.93,85.55
STU1931,4.81,100.0,6.96,3.44,65.48,1,4.97,93.09
STU1932,6.1,69.33,4.74,5.69,85.56,0,8.56,88.52
STU1933,6.97,79.86,6.52,0.75,65.64,1,7.49,100.0
STU1934,4.56,63.02,7.07,2.99,59.96,0,4.68,79.25
STU1935,5.06,69.73,6.66,3.55,37.12,0,2.58,84.61
STU1936,1.93,78.73,6.7,1.63,71.78,0,7.67,78.9
STU1937,3.84,87.69,7.59,3.45,74.92,0,4.9,86.95
STU1938,5.69,79.79,5.71,1.34,38.27,1,1.55,95.63
STU1939,5.56,93.89,5.05,4.04,82.02,0,6.42,93.57
STU1940,4.38,73.58,6.58,4.59,76.49,0,7.05,82.91
STU1941,5.6,70.02,7.92,3.41,81.98,0,0.15,96.92
STU1942,4.88,100.0,9.03,0.22,73.75,1,3.35,100.0
STU1943,6.16,80.91,7.94,1.55,74.81,1,4.78,100.0
STU1944,4.52,64.21,5.24,3.85,72.81,1,6.47,80.53
STU1945,3.36,64.59,6.72,3.03,78.03,1,3.97,81.67
STU1946,4.6,60.86,7.31,0.0,37.72,0,3.34,84.94
STU1947,0.0,89.05,7.21,4.86,42.48,0,6.45,66.21
STU1948,4.69,69.53,7.65,3.2,53.96,0,4.06,86.69
STU1949,0.0,76.91,5.9,1.77,63.05,0,6.08,65.88
STU1950,0.9,74.05,7.08,,70.82,1,2.78,72.92
STU1951,4.81,85.97,7.5,1.98,69.87,1,2.3,100.0
STU1952,4.86,62.3,7.99,1.97,81.76,1,6.51,83.33
STU1953,1.91,58.87,6.03,3.54,82.23,1,5.51,80.88
STU1954,2.72,78.36,6.59,5.67,51.91,1,6.84,64.62
STU1955,6.47,84.01,3.76,5.44,68.58,1,3.93,86.29
STU1956,3.13,79.99,6.25,3.54,52.28,1,3.41,80.14
STU1957,8.04,62.86,6.37,3.69,62.18,0,7.72,100.0
STU1958,4.0,85.16,5.78,4.19,69.83,1,1.95,99.05
STU1959,4.73,63.84,7.2,1.11,20.0,1,7.5,84.84
STU1960,6.91,67.18,6.93,3.97,100.0,1,7.64,100.0
STU1961,4.24,60.84,4.29,1.9,73.5,0,6.72,72.12
STU1962,2.2,94.52,7.26,3.48,56.06,0,3.62,82.0
STU1963,3.8,84.5,5.89,2.66,93.91,1,3.37,94.33
STU1964,3.94,84.07,7.58,3.75,59.79,1,4.58,85.33
STU1965,1.54,93.71,5.46,3.18,66.99,0,2.41,80.33
STU1966,3.54,100.0,7.04,0.0,57.69,0,3.08,93.3
STU1967,2.66,49.36,6.66,3.27,89.78,0,6.29,81.05
STU1968,5.66,63.92,7.36,3.96,63.43,1,6.3,80.62
STU1969,4.06,65.76,7.15,3.67,67.24,0,2.9,84.74
STU1970,3.49,62.24,6.69,2.85,83.06,0,6.35,78.37
STU1971,3.81,58.84,5.16,5.46,73.78,1,5.91,75.47
STU1972,4.4,70.51,5.23,3.47,64.18,0,8.02,81.25
STU1973,5.11,56.75,6.3,3.66,81.66,1,6.14,83.75
STU1974,2.2,80.03,6.99,4.57,100.0,0,7.12,82.73
STU1975,2.13,75.78,6.27,3.54,69.76,1,5.95,78.21
STU1976,5.99,82.22,7.75,1.65,66.75,1,6.96,98.34
STU1977,3.26,82.62,6.66,0.0,67.56,0,2.43,89.9
STU1978,1.45,84.05,5.84,2.28,84.66,0,4.76,80.34
STU1979,4.8,69.4,6.67,4.14,56.01,1,4.92,82.27
STU1980,4.83,100.0,7.27,2.47,60.83,0,4.51,96.08
STU1981,1.24,78.52,7.39,4.2,41.94,1,5.89,69.16
STU1982,4.41,47.06,9.25,3.22,47.24,1,6.27,78.56
STU1983,5.32,59.96,6.2,4.93,57.23,0,5.78,87.7
STU1984,4.67,48.89,6.91,2.56,64.16,1,4.65,88.08
STU1985,5.14,75.26,7.51,3.7,91.54,1,3.53,98.16
STU1986,1.47,73.17,6.97,3.76,73.04,0,7.19,73.46
STU1987,4.6,67.97,6.4,5.25,51.32,1,5.7,75.49
STU1988,3.46,100.0,5.14,0.44,54.08,1,2.96,92.19
STU1989,3.13,83.23,6.39,2.31,85.62,1,4.61,90.96
STU1990,5.57,85.89,5.71,4.27,81.9,0,1.51,90.45
STU1991,6.66,61.03,4.93,5.32,65.42,1,5.07,90.77
STU1992,7.23,60.01,6.05,3.36,58.36,1,4.6,92.85
STU1993,6.37,75.55,5.74,2.56,81.87,0,3.85,97.28
STU1994,3.8,77.6,7.7,4.14,50.1,1,8.17,78.79
STU1995,4.63,47.16,7.72,4.3,70.88,1,2.69,100.0
STU1996,5.38,72.3,5.92,2.46,99.09,0,6.41,92.98
STU1997,4.22,75.21,6.69,3.5,68.08,0,9.37,71.7
STU1998,4.24,71.77,4.77,4.77,53.37,1,7.15,69.86
STU1999,5.48,62.8,6.41,5.84,71.16,0,4.94,87.17
STU2000,3.89,66.91,7.48,4.11,57.95,0,2.73,88.31
STU2001,2.69,72.35,7.99,3.07,44.09,1,2.28,78.2
STU2002,3.25,76.36,6.14,2.92,75.52,0,4.18,90.8
STU2003,5.14,84.07,8.26,3.84,81.77,0,3.63,100.0
STU2004,4.01,91.21,5.18,2.83,60.34,0,3.56,86.22
STU2005,4.61,70.58,5.5,3.28,59.34,0,4.35,81.98
STU2006,5.21,68.16,7.85,1.41,50.58,0,4.8,91.05
STU2007,3.33,81.56,9.01,,62.75,0,5.97,86.39
STU2008,5.36,84.16,7.59,1.29,56.56,0,2.52,99.78
STU2009,4.68,68.49,6.95,2.35,49.83,0,3.64,82.18
STU2010,1.78,86.86,4.37,,93.38,0,4.68,80.36
STU2011,6.6,89.69,4.57,5.99,72.0,0,4.61,100.0
STU2012,3.1,94.38,7.16,2.37,73.59,0,8.67,88.12
STU2013,1.02,100.0,6.57,2.0,78.25,1,5.46,90.83
STU2014,2.12,62.0,5.67,2.17,76.57,1,1.77,85.19
STU2015,2.16,75.21,7.08,5.49,58.8,0,5.84,72.16
STU2016,4.09,75.17,7.14,0.0,69.09,1,6.09,96.06
STU2017,3.51,73.53,8.13,1.5,60.96,0,4.75,91.42
STU2018,3.39,65.26,7.16,7.1,71.58,0,2.57,79.4
STU2019,5.12,52.72,8.47,3.89,70.13,0,8.52,84.54
STU2020,4.61,76.39,7.01,1.34,59.26,1,2.86,92.08
STU2021,4.57,63.47,6.86,2.94,45.06,0,6.32,81.26
STU2022,4.74,76.29,8.28,3.1,67.19,1,5.4,93.81
STU2023,5.11,63.09,5.83,4.27,61.94,1,6.2,83.05
STU2024,0.21,58.51,10.0,5.76,36.64,1,8.41,72.2
STU2025,3.34,78.51,7.45,3.58,72.61,1,6.12,79.56
STU2026,0.08,77.26,7.46,2.19,79.48,1,3.88,84.11
STU2027,4.06,83.69,7.63,4.18,100.0,0,7.21,88.0
STU2028,3.99,100.0,9.25,1.95,59.13,0,3.74,97.41
STU2029,5.88,79.16,7.95,1.45,56.92,1,5.33,100.0
STU2030,6.14,82.28,5.07,0.36,48.36,1,2.41,95.63
STU2031,4.36,58.84,8.68,0.65,68.13,1,2.93,92.29
STU2032,3.1,55.7,6.59,1.66,68.03,0,5.1,79.31
STU2033,4.87,98.74,7.13,1.23,52.83,0,5.74,91.18
STU2034,3.05,61.15,5.46,3.47,62.38,1,1.6,84.72
STU2035,4.0,59.34,7.63,1.2,35.32,1,5.99,79.47
STU2036,5.78,74.41,6.22,0.0,78.9,1,3.36,100.0
STU2037,3.0,73.65,7.12,1.43,53.44,0,7.56,72.87
STU2038,5.45,61.46,6.66,2.29,64.48,1,4.3,83.88
STU2039,5.22,70.43,9.31,2.09,43.6,1,2.75,94.05
STU2040,2.28,93.44,9.38,5.28,56.26,1,5.15,75.37
STU2041,5.75,62.91,7.06,2.08,60.81,1,3.17,100.0
STU2042,5.26,54.09,7.08,4.32,64.83,1,7.54,76.66
STU2043,4.18,89.14,6.55,2.97,72.2,1,5.0,88.93
STU2044,2.63,82.38,8.33,2.94,86.59,0,4.7,90.61
STU2045,2.45,65.69,6.61,1.75,75.99,1,6.18,80.48
STU2046,3.03,51.27,6.49,2.91,79.43,1,2.99,75.46
STU2047,4.98,63.83,8.17,1.85,86.69,0,2.42,100.0
STU2048,2.28,74.18,6.35,3.26,73.55,1,5.82,76.16
STU2049,4.79,92.49,6.95,2.65,64.45,0,2.8,94.33
STU2050,1.76,59.45,5.1,1.58,80.14,0,2.8,76.11
STU2051,3.63,73.73,7.85,4.49,81.1,1,6.67,91.04
STU2052,4.2,85.13,9.33,3.64,74.73,0,6.05,94.54
STU2053,8.4,39.28,7.87,2.33,43.18,0,2.49,90.62
STU2054,1.52,90.51,8.75,3.22,52.38,0,3.76,77.59
STU2055,6.65,57.26,5.98,2.87,60.88,1,3.19,93.68
STU2056,4.27,79.98,7.28,1.7,76.69,1,8.55,97.73
STU2057,4.74,78.7,5.87,3.11,64.68,1,6.81,83.61
STU2058,4.21,91.27,6.73,2.07,82.05,0,4.16,100.0
STU2059,4.8,83.26,7.93,1.58,84.73,0,6.15,94.63
STU2060,3.72,39.34,7.12,,82.99,1,2.29,89.91
STU2061,6.62,63.23,5.3,2.46,83.08,1,3.65,94.69
STU2062,3.18,77.07,5.42,3.85,49.45,1,5.21,71.77
STU2063,6.04,72.08,5.34,1.96,72.24,1,5.9,92.77
STU2064,2.84,82.16,7.59,,55.89,0,4.81,68.89
STU2065,3.89,86.84,9.48,4.33,40.26,1,5.5,84.5
STU2066,2.07,84.13,8.63,4.96,60.69,0,5.16,72.1
STU2067,4.82,71.79,4.72,4.19,84.87,0,4.67,90.3
STU2068,6.6,47.3,8.71,5.78,71.91,0,4.41,84.43
STU2069,3.86,68.17,8.12,1.82,95.27,0,4.15,89.98
STU2070,3.65,81.25,5.15,0.0,67.66,1,5.46,90.39
STU2071,1.99,58.64,6.64,2.33,100.0,0,5.82,85.63
STU2072,3.59,84.47,8.31,3.84,67.66,0,5.4,87.62
STU2073,1.13,88.63,7.66,3.23,65.34,1,2.64,82.21
STU2074,2.36,76.9,5.43,3.41,45.81,1,3.0,69.45
STU2075,4.41,30.0,7.73,4.98,81.66,1,5.8,73.76
STU2076,6.37,55.83,4.43,3.57,57.47,1,7.94,78.63
STU2077,9.06,100.0,6.73,4.2,55.29,1,5.3,100.0
STU2078,2.94,66.8,8.37,1.59,84.22,1,4.18,94.77
STU2079,6.58,45.24,7.02,1.36,82.37,0,5.45,91.23
STU2080,4.44,93.53,6.4,5.42,81.98,1,2.73,92.32
STU2081,3.73,75.2,8.07,3.15,59.57,1,7.62,81.64
STU2082,4.78,91.57,8.17,2.07,64.24,1,5.37,94.99
STU2083,4.11,79.15,8.57,2.07,64.1,1,3.66,97.75
STU2084,4.2,81.88,8.05,2.03,76.74,0,4.67,92.84
STU2085,3.27,80.45,8.3,1.94,88.3,1,3.95,100.0
STU2086,1.48,85.46,7.88,1.08,70.52,1,7.62,91.43
STU2087,1.22,100.0,7.32,0.75,94.62,1,4.6,100.0
STU2088,5.18,89.57,7.11,2.71,78.46,1,5.31,100.0
STU2089,3.5,51.29,6.72,2.11,61.48,0,6.15,74.88
STU2090,2.93,81.7,5.55,,77.43,0,3.52,83.92
STU2091,4.02,92.12,5.85,3.44,90.59,1,5.39,94.17
STU2092,5.43,93.04,6.66,3.4,94.97,0,5.55,100.0
STU2093,4.32,68.6,7.29,1.89,82.8,1,1.89,99.7
STU2094,2.82,92.47,8.73,2.82,65.39,0,5.51,88.71
STU2095,6.21,88.92,6.95,3.54,61.75,0,4.91,96.94
STU2096,6.84,100.0,8.2,4.07,73.64,1,5.26,100.0
STU2097,4.89,63.75,8.3,2.86,90.11,0,5.07,86.8
STU2098,5.75,67.39,6.72,4.62,71.51,0,5.52,97.36
STU2099,6.24,70.41,7.71,3.01,71.82,1,7.67,96.57
STU2100,6.03,67.65,6.71,4.19,65.77,0,2.64,84.26
STU2101,5.11,61.65,8.59,2.27,60.08,0,4.32,86.21
STU2102,5.08,33.56,7.76,0.28,62.57,1,6.33,79.74
STU2103,4.94,68.48,5.57,,67.03,0,5.96,87.65
STU2104,2.02,80.54,7.19,4.09,90.77,0,5.92,76.3
STU2105,5.26,67.6,8.98,3.86,61.4,1,10.51,89.19
STU2106,1.56,100.0,6.78,3.63,65.79,1,6.23,88.12
STU2107,2.57,75.2,7.54,2.48,52.02,0,7.26,73.22
STU2108,6.35,94.37,7.66,1.79,75.75,0,4.39,100.0
STU2109,5.51,78.92,5.76,3.83,85.5,1,3.01,92.24
STU2110,6.68,87.4,7.61,3.64,89.37,1,4.37,100.0
STU2111,3.51,79.19,5.33,2.16,68.05,1,6.42,99.42
STU2112,1.93,95.53,6.25,4.66,73.62,0,5.81,82.45
STU2113,3.57,75.84,8.29,1.68,62.7,0,5.81,85.85
STU2114,4.18,82.44,7.43,2.12,72.92,1,4.57,92.9
STU2115,4.14,80.49,6.63,5.45,69.71,0,4.25,83.28
STU2116,6.04,70.68,7.54,4.3,65.87,0,4.64,92.17
STU2117,3.35,81.07,6.93,2.46,67.07,1,6.45,85.8
STU2118,4.63,100.0,,3.43,71.78,1,6.68,99.72
STU2119,2.22,70.94,7.79,3.23,60.59,0,2.99,73.45
STU2120,4.81,81.29,6.13,0.0,61.36,1,6.52,91.71
STU2121,4.01,93.87,7.05,,90.61,1,3.7,100.0
STU2122,2.65,92.1,6.63,2.92,100.0,0,5.94,84.65
STU2123,3.58,75.18,5.1,2.47,46.93,0,4.62,81.8
STU2124,3.67,39.25,5.9,3.37,46.11,1,8.13,69.39
STU2125,3.51,82.75,8.88,4.69,50.64,0,4.16,73.05
STU2126,7.19,41.71,7.46,2.52,63.45,0,5.36,92.0
STU2127,3.82,97.05,5.41,1.41,78.44,1,6.21,87.97
STU2128,,77.54,5.15,3.49,73.87,1,3.25,90.71
STU2129,0.22,90.0,6.87,2.51,67.58,0,4.85,73.46
STU2130,2.39,61.47,8.87,2.77,72.93,0,4.47,89.91
STU2131,3.53,51.71,6.78,2.56,54.62,1,3.97,85.47
STU2132,2.77,78.91,8.57,6.36,61.34,0,4.12,71.36
STU2133,6.49,74.5,7.42,0.0,64.7,0,7.22,90.35
STU2134,3.7,67.63,7.57,2.42,41.24,0,3.8,76.23
STU2135,6.32,76.27,5.4,2.99,47.58,0,6.13,82.17
STU2136,4.11,100.0,8.13,1.83,48.18,1,5.63,100.0
STU2137,4.07,87.52,6.6,4.35,76.46,1,2.21,93.66
STU2138,3.84,90.74,8.04,4.22,68.68,1,6.04,95.87
STU2139,4.01,87.66,6.02,2.93,74.17,0,2.17,90.07
STU2140,7.09,97.19,7.21,2.59,37.41,0,6.26,97.05
STU2141,0.0,72.15,7.42,2.83,42.75,0,3.99,64.56
STU2142,0.4,44.18,6.82,2.84,74.95,1,5.02,73.76
STU2143,3.02,72.17,7.49,2.88,23.32,0,2.41,75.96
STU2144,4.03,87.18,6.68,2.72,83.37,1,5.24,90.65
STU2145,5.24,60.45,6.22,3.38,37.65,1,6.85,89.12
STU2146,4.85,72.35,8.93,4.13,77.65,1,3.39,95.01
STU2147,3.31,64.62,8.26,1.15,51.67,0,3.79,81.19
STU2148,5.83,97.53,6.09,1.42,80.73,1,5.91,92.56
STU2149,5.85,86.24,7.68,0.38,100.0,0,5.96,100.0
STU2150,4.33,84.77,6.11,4.3,30.9,0,0.13,82.15
STU2151,5.73,84.32,5.58,3.38,75.43,0,9.03,91.65
STU2152,4.49,74.44,8.24,3.76,37.88,1,6.06,82.29
STU2153,2.99,77.96,4.96,0.86,71.4,0,6.39,80.48
STU2154,5.26,57.22,8.11,5.68,61.9,0,4.71,80.19
STU2155,4.2,42.2,6.7,2.09,66.95,1,1.29,88.57
STU2156,4.0,77.25,6.75,3.25,51.32,0,6.35,84.15
STU2157,6.65,79.86,7.49,4.28,76.71,0,3.87,98.2
STU2158,0.0,93.14,7.7,1.52,43.27,1,6.09,79.69
STU2159,1.45,98.57,6.01,2.18,83.62,1,4.56,88.23
STU2160,1.86,98.55,7.86,3.27,58.86,1,5.48,82.27
STU2161,3.35,60.03,7.14,7.29,43.96,1,3.45,71.6
STU2162,3.54,69.72,5.49,3.45,88.92,0,6.73,76.02
STU2163,1.29,82.21,6.8,5.41,63.99,1,2.62,76.97
STU2164,2.23,100.0,8.66,4.81,93.61,1,9.49,81.51
STU2165,2.45,97.2,9.01,3.55,83.32,1,9.48,85.12
STU2166,8.42,91.79,7.86,1.52,53.03,1,8.27,100.0
STU2167,7.24,69.18,5.57,4.59,63.73,1,7.55,92.5
STU2168,3.26,61.75,7.59,0.75,66.82,0,4.83,92.89
STU2169,3.35,86.83,8.02,5.4,87.89,1,7.33,88.37
STU2170,1.93,58.49,7.87,3.3,71.56,1,4.81,81.56
STU2171,0.57,71.42,7.94,0.0,67.64,0,1.89,92.27
STU2172,3.79,73.28,7.44,2.49,62.0,0,8.01,84.67
STU2173,2.2,98.89,6.91,3.98,64.24,1,7.26,79.39
STU2174,3.85,69.68,6.27,2.64,84.57,1,4.94,87.71
STU2175,1.12,38.41,4.72,4.07,65.06,1,2.55,64.02
STU2176,2.63,82.57,7.41,1.72,59.08,1,3.83,84.61
STU2177,4.27,64.51,7.22,1.04,56.53,1,1.36,89.87
STU2178,4.66,75.64,7.67,2.89,56.69,0,6.89,91.08
STU2179,4.75,73.7,5.39,3.05,43.97,0,1.79,88.75
STU2180,1.62,70.89,7.77,2.48,53.74,1,5.57,68.88
STU2181,5.54,86.86,9.47,4.84,87.48,0,3.31,97.0
STU2182,2.56,52.01,7.09,1.72,61.9,1,2.15,79.02
STU2183,5.14,67.24,6.93,3.47,75.57,1,5.48,95.58
STU2184,3.98,85.26,7.37,3.1,27.82,1,4.33,89.76
STU2185,1.52,65.79,9.44,0.66,73.52,1,6.68,98.51
STU2186,3.43,50.87,5.77,1.02,62.58,0,2.46,78.21
STU2187,4.66,85.03,7.24,3.02,57.78,1,3.49,91.99
STU2188,5.1,91.85,6.04,5.97,67.71,0,0.22,94.17
STU2189,3.75,74.33,6.34,3.87,57.56,1,0.63,83.34
STU2190,6.76,45.59,6.94,0.41,33.14,0,8.6,84.07
STU2191,5.81,85.59,8.62,0.0,78.83,0,9.17,100.0
STU2192,3.54,50.1,9.16,4.1,68.65,1,5.19,69.27
STU2193,5.35,79.63,7.54,2.86,60.29,1,3.35,97.67
STU2194,7.48,61.69,6.55,4.71,50.51,0,4.4,88.92
STU2195,7.53,57.6,,1.68,42.95,1,6.75,100.0
STU2196,1.79,68.37,6.49,3.53,68.36,1,3.97,77.68
STU2197,2.33,72.25,6.31,4.27,89.2,0,5.48,72.76
STU2198,6.67,65.34,4.87,2.33,68.05,1,4.97,95.21
STU2199,2.1,83.83,8.68,2.36,44.26,1,3.86,72.74
